{
  "weekendTrips": [
    {
      "id": 1,
      "source": "Hyderabad",
      "destination": "Vijayawada",
      "fare": 4000
    },
    {
      "id": 2,
      "source": "Kukatpally",
      "destination": "Srisailam",
      "fare": 3000
    },
    {
      "id": 3,
      "source": "Miyapur",
      "destination": "Tirupathi",
      "fare": 8000
    }
  ],
  "onedayTrips": [
    {
      "id": 1,
      "source": "Nizampet",
      "destination": [
        "RFC",
        "Salarjang Musium"
      ],
      "fare": 1000
    },
    {
      "id": 2,
      "source": "Mehdipatnam",
      "destination": [
        "Chilkur",
        "Ammapalli"
      ],
      "fare": 500
    },
    {
      "id": 3,
      "source": "Hyderabad",
      "destination": [
        "KeesaraGutta",
        "Zoo Park"
      ],
      "fare": 800
    }
  ],
  "agents": [
    {
      "id": 102,
      "name": "Amarnath",
      "location": "Kavali",
      "phone": 9219882345
    },
    {
      "id": 103,
      "name": "Praveen",
      "location": "Vijayawada 6",
      "phone": 7654309876
    },
    {
      "id": 105,
      "name": "Thilak",
      "location": "Kadapa",
      "phone": 9849411219
    },
    {
      "id": "108",
      "name": "Hari",
      "location": "Nizampet",
      "phone": "9959959993"
    }
  ],
  "agentReview": [
    {
      "id": 101,
      "location": "Tirupathi",
      "review": "4.5/5"
    },
    {
      "id": 102,
      "location": "Kavali",
      "review": "5/5"
    },
    {
      "id": 103,
      "location": "Vijayawada",
      "review": "2/5"
    },
    {
      "id": 104,
      "location": "Hyderbad",
      "review": "4/5"
    },
    {
      "id": 105,
      "location": "Kadapa",
      "review": "4.9/5"
    }
  ]
}